Date,SPY Close,SPY Return,SPY_1W,SPY_1M,SPY_3M,SPY_6M
2017-08-29,244.8500061,,0.006875313,-0.010639117,0.012712246,0.019976681
2017-08-30,246.0099945,0.004737547,-0.002403831,-0.008343111,0.014123607,0.027615737
2017-08-31,247.4900055,0.00601606,0.005929003,-0.00307983,0.010889193,0.031834563
2017-09-01,247.8399963,0.001414162,0.01434485,0.000687361,0.013597114,0.041142562
2017-09-05,246.0599976,-0.007182048,0.013411837,0.001616529,0.015779297,0.045738381
2017-09-06,246.8999939,0.003413787,0.006092285,-0.003644352,0.01171823,0.040158945
2017-09-07,246.8699951,-0.000121502,0.008372423,-0.002061395,0.013297177,0.04238788
2017-09-08,246.5800018,-0.00117468,0.003495795,-0.004034373,0.012675348,0.038621703
2017-09-11,249.2100067,0.010665929,-0.003676931,-0.002750112,0.013023286,0.036878198
2017-09-12,250.0500031,0.003370636,0.005527802,0.007927226,0.024038487,0.051962909
2017-09-13,250.1699982,0.000479884,0.01621558,0.025804105,0.022490288,0.046453259
2017-09-14,250.0899963,-0.00031979,0.013244246,0.024782907,0.024279367,0.049018797
2017-09-15,249.1900024,-0.00359868,0.013043307,0.014399299,0.025926045,0.055098501
2017-09-18,249.7200012,0.002126886,0.010584802,0.010871802,0.026994737,0.052455961
2017-09-19,249.9700012,0.001001121,0.002046445,0.01125779,0.020681752,0.068412295
2017-09-20,250.0599976,0.000360029,-0.000319943,0.028302295,0.028640825,0.066971156
2017-09-21,249.3899994,-0.00267935,-0.000439703,0.030283015,0.029265284,0.068495487
2017-09-22,249.4400024,0.000200501,-0.00279898,0.026718838,0.026972505,0.066407247
2017-09-25,248.9299927,-0.002044619,0.001003251,0.016297262,0.025953183,0.067716838
2017-09-26,249.0800018,0.000602616,-0.003163577,0.017868806,0.023182209,0.057836074
2017-09-27,250.0500031,0.003894336,-0.003560425,0.020861495,0.032113703,0.057484966
2017-09-28,250.3500061,0.001199772,-4.00E-05,0.022448502,0.026941548,0.05823357
2017-09-29,251.2299957,0.003515037,0.003849419,0.02363331,0.037290241,0.061975058
2017-10-02,252.3200073,0.0043387,0.007176047,0.026056726,0.038999142,0.06756467
2017-10-03,252.8600006,0.002140113,0.013618346,0.025649417,0.04174064,0.071513555
2017-10-04,253.1600037,0.001186439,0.015175842,0.021697826,0.041561956,0.077008271
2017-10-05,254.6600037,0.005925107,0.012437515,0.021465491,0.052421536,0.075263341
2017-10-06,254.3699951,-0.001138807,0.017215888,0.03495085,0.051835955,0.082738125
2017-10-09,253.9499969,-0.001651131,0.012498505,0.03025517,0.049511079,0.080861728
2017-10-10,254.6199951,0.002638307,0.006460009,0.02867907,0.048556895,0.080362459
2017-10-11,255.0200043,0.001571004,0.006960352,0.032606023,0.043481828,0.087980158
2017-10-12,254.6399994,-0.001490098,0.007347135,0.023313661,0.043367998,0.096813085
2017-10-13,254.9499969,0.001217395,-7.86E-05,0.018356314,0.036976714,0.085560777
2017-10-16,255.2899933,0.00133358,0.00228015,0.019107002,0.038365977,0.090135555
2017-10-17,255.4700012,0.000705112,0.005276615,0.020792503,0.039200478,0.093600028
2017-10-18,255.7200012,0.000978588,0.003338332,0.025201648,0.034333356,0.085535843
2017-10-19,255.7899933,0.000273706,0.002744871,0.02402691,0.034884641,0.090072063
2017-10-20,257.1099854,0.005160452,0.004516156,0.023282762,0.036090361,0.078509066
2017-10-23,256.1099854,-0.003889386,0.008472204,0.028193185,0.04169021,0.07780332
2017-10-24,256.5599976,0.001757105,0.003212002,0.026945691,0.035122412,0.074286879
2017-10-25,255.2899933,-0.004950126,0.004266631,0.028543919,0.036899346,0.075272385
2017-10-26,255.6199951,0.001292655,-0.001681558,0.025549354,0.032726523,0.07228659
2017-10-27,257.7099915,0.008176185,-0.000664601,0.026256597,0.035275976,0.070973701
2017-10-30,256.75,-0.003725084,0.002333655,0.030633826,0.044332727,0.079323143
2017-10-31,257.1499939,0.001557912,0.002498984,0.025564185,0.038128709,0.076610217
2017-11-01,257.4899902,0.001322171,0.002299643,0.023564058,0.039241801,0.077022951
2017-11-02,257.5899963,0.000388388,0.008617639,0.020489786,0.042638416,0.074217745
2017-11-03,258.4500122,0.003338701,0.007706757,0.018705986,0.041146245,0.074814289
2017-11-06,258.8500061,0.001547664,0.002871525,0.02089591,0.042683735,0.079393625
2017-11-07,258.6700134,-0.000695355,0.008179186,0.01645332,0.046873784,0.079126241
2017-11-08,259.1099854,0.0017009,0.005911023,0.016904581,0.046188123,0.080583207
2017-11-09,258.1700134,-0.003627695,0.006291488,0.020318915,0.062971739,0.084232948
2017-11-10,258.0899963,-0.00030994,0.002251707,0.013942418,0.057553738,0.074365419
2017-11-13,258.3299866,0.00092987,-0.001392981,0.01203824,0.046848395,0.075016638
2017-11-14,257.730011,-0.002322516,-0.002008961,0.014490996,0.047949342,0.095454069
2017-11-15,256.4400024,-0.005005271,-0.003633983,0.010904154,0.043694859,0.088524755
2017-11-16,258.6199951,0.008500985,-0.010304439,0.004504717,0.054917958,0.076077399
2017-11-17,257.8599854,-0.002938712,0.001742967,0.012330191,0.065551432,0.079742779
2017-11-20,258.2999878,0.001706362,-0.000891205,0.008368466,0.061589098,0.074192802
2017-11-21,259.9899902,0.006542789,-0.000116126,0.009812716,0.052395637,0.073521413
2017-11-22,259.7600098,-0.000884574,0.008768786,0.011201451,0.063092872,0.075405345
2017-11-24,260.3599854,0.00230973,0.012946527,0.014251785,0.064633813,0.074676275
2017-11-27,260.230011,-0.00049921,0.00672798,0.014811303,0.064605773,0.078095177
2017-11-28,262.8699951,0.01014481,0.009191134,0.019350612,0.064030761,0.077824753
2017-11-29,262.7099915,-0.00060868,0.017692635,0.028362413,0.073596033,0.080169274
2017-11-30,265.0100098,0.008754971,0.010461946,0.019401654,0.067883408,0.075930677
2017-12-01,264.4599915,-0.002075462,0.020210963,0.032171411,0.070790755,0.086151087
2017-12-04,264.1400146,-0.001209925,0.015747451,0.028426979,0.067059374,0.087372987
2017-12-05,263.1900024,-0.003596624,0.015025183,0.025826341,0.073478084,0.084051591
2017-12-06,263.2399902,0.00018993,0.00121736,0.021739998,0.065978165,0.079620985
2017-12-07,264.0700073,0.003153081,0.002017429,0.01853348,0.066310185,0.081467426
2017-12-08,265.5100098,0.005453109,-0.003547045,0.020166124,0.070930349,0.08510029
2017-12-11,266.3099976,0.003013023,0.003970424,0.026442943,0.065406696,0.08570847
2017-12-12,266.7799988,0.001764865,0.008215275,0.027787475,0.065026972,0.090361905
2017-12-13,266.75,-0.000112448,0.013640322,0.03335006,0.066394854,0.094392231
2017-12-14,265.6600037,-0.004086209,0.013333877,0.033554201,0.066616034,0.099365318
2017-12-15,266.5100098,0.003199601,0.006021117,0.028374627,0.066094149,0.0858334
2017-12-18,268.2000122,0.006341234,0.003766336,0.034066653,0.067235337,0.096703904
2017-12-19,267.1700134,-0.003840413,0.007097047,0.045858718,0.072928795,0.103930914
2017-12-20,267.0299988,-0.000524066,0.001461934,0.03306016,0.068423642,0.100189497
2017-12-21,267.5799866,0.002059648,0.001049667,0.035561987,0.070732585,0.098301293
2017-12-22,267.5100098,-0.000261517,0.007227219,0.035927213,0.072722835,0.099839673
2017-12-26,267.1900024,-0.001196244,0.003752204,0.028924266,0.074639528,0.108482193
2017-12-27,267.3200073,0.000486563,-0.003765883,0.028603297,0.072707566,0.097334578
2017-12-28,267.8699951,0.002057414,0.000561417,0.026732303,0.069066203,0.107603068
2017-12-29,266.8599854,-0.003770522,0.0031457,0.029358582,0.06998198,0.107816343
2018-01-02,268.769989,0.007157325,-0.002690789,0.015178569,0.062213867,0.101771099
2018-01-03,270.4700012,0.006325156,0.004710027,0.023067252,0.065194916,0.107097188
2018-01-04,271.6099854,0.004214827,0.012275904,0.020602963,0.069643283,0.124381616
2018-01-05,273.4200134,0.00666407,0.016048099,0.027036203,0.072878738,0.121845379
2018-01-08,273.9200134,0.001828688,0.020719074,0.035132878,0.073666887,0.128109993
2018-01-09,274.5400085,0.002263417,0.026455926,0.040769068,0.076856621,0.131012885
2018-01-10,274.1199951,-0.001529881,0.021468243,0.042926678,0.081078999,0.125117883
2018-01-11,276.1199951,0.007296075,0.013495005,0.038058043,0.076584716,0.12151214
2018-01-12,277.9200134,0.006518971,0.016604727,0.039960773,0.082738571,0.124450227
2018-01-16,276.9700012,-0.003418294,0.016458195,0.043595869,0.091423241,0.131918767
2018-01-17,279.6099854,0.009531661,0.011134593,0.038196276,0.086369894,0.127452565
2018-01-18,279.1400146,-0.001680808,0.018467169,0.048209879,0.095264181,0.13207004
2018-01-19,280.4100037,0.004549649,0.018313219,0.05074159,0.09265281,0.129664135
2018-01-22,282.6900024,0.008130947,0.015536754,0.052155617,0.096550924,0.135814963
2018-01-23,283.2900085,0.002122488,0.017163172,0.054026807,0.105164431,0.145328555
2018-01-24,283.1799927,-0.000388351,0.022818382,0.060336094,0.101824218,0.144976197
2018-01-25,283.2999878,0.000423742,0.012767811,0.060480073,0.105696806,0.144485313
2018-01-26,286.5799866,0.011577829,0.014902819,0.058748793,0.104225095,0.146035563
2018-01-29,284.6799927,-0.00662989,0.022003434,0.071286965,0.12256647,0.160665758
2018-01-30,281.7600098,-0.010257071,0.007039479,0.065458999,0.113684368,0.153624783
2018-01-31,281.8999939,0.00049682,-0.005400822,0.054017664,0.093322025,0.139252796
2018-02-01,281.5799866,-0.00113518,-0.004520089,0.052376149,0.097955186,0.139266049
2018-02-02,275.4500122,-0.021769922,-0.006071307,0.055160017,0.09500289,0.14018456
2018-02-05,263.9299927,-0.041822541,-0.038837235,0.024854052,0.06975037,0.113334175
2018-02-06,269.1300049,0.019702241,-0.07288886,-0.024180162,0.024612743,0.06479202
2018-02-07,267.6700134,-0.005424856,-0.044825399,-0.009130668,0.041323243,0.088449449
2018-02-08,257.6300049,-0.037508903,-0.050478825,-0.021029916,0.034073815,0.082588528
2018-02-09,261.5,0.015021523,-0.085055696,-0.059469947,-0.0040206,0.056900274
2018-02-12,265.3399963,0.014684498,-0.050644442,-0.047497662,0.009223939,0.071194516
2018-02-13,266,0.002487389,0.00534234,-0.032029764,0.02777233,0.076255389
2018-02-14,269.5899963,0.013496227,-0.011630085,-0.036650715,0.030648238,0.079063754
2018-02-15,273.0299988,0.012760126,0.007172947,-0.029972714,0.043587699,0.09172266
2018-02-16,273.1099854,0.000292959,0.059775622,-0.014225376,0.059364401,0.123164272
2018-02-20,271.3999939,-0.006261182,0.04439765,-0.023246666,0.065005392,0.125252267
2018-02-21,270.0499878,-0.00497423,0.022838613,-0.027728095,0.049416128,0.117332238
2018-02-22,270.3999939,0.001296079,0.015225518,-0.036945957,0.047273727,0.100268844
2018-02-23,274.7099915,0.01593934,0.003004553,-0.043475215,0.04684478,0.105659129
2018-02-26,277.8999939,0.011612255,0.006153143,-0.030287044,0.056617569,0.125906739
2018-02-27,274.4299927,-0.012486511,0.017538753,-0.018645381,0.069833629,0.13632645
2018-02-28,271.6499939,-0.010130084,0.011164329,-0.03130955,0.05404059,0.122091771
2018-03-01,267.7000122,-0.014540702,0.005924852,-0.052097123,0.043884189,0.109454716
2018-03-02,269.0799866,0.005154928,-0.00998514,-0.059645851,0.018374167,0.088167222
2018-03-05,272.1900024,0.011557961,-0.020494358,-0.04500292,0.024247251,0.08723577
2018-03-06,272.8800049,0.002535003,-0.020546929,-0.034444809,0.027093289,0.098248896
2018-03-07,272.7799988,-0.000366484,-0.005648026,-0.030897017,0.031838515,0.108997836
2018-03-08,274.1000061,0.004839091,0.004159782,-0.009693278,0.032709865,0.104819787
2018-03-09,278.8699951,0.017402367,0.023907335,0.038532996,0.041452956,0.110301015
2018-03-12,278.519989,-0.001255087,0.036383265,0.036190652,0.059375496,0.130951387
2018-03-13,276.7200012,-0.006462688,0.023255764,0.040534894,0.054720268,0.117611579
2018-03-14,275.2999878,-0.005131589,0.014072106,0.074098498,0.042220598,0.10665866
2018-03-15,275,-0.001089676,0.009238174,0.05277242,0.033757614,0.100451652
2018-03-16,274.2000122,-0.002909047,0.003283451,0.036406135,0.03081191,0.099604159
2018-03-19,270.4899902,-0.013530349,-0.016746093,0.030827114,0.027928818,0.100365221
2018-03-20,270.9500122,0.001700699,-0.02883096,0.00333838,0.018181083,0.08317311
2018-03-21,270.4299927,-0.001919245,-0.020851362,-0.007618161,0.016659796,0.083930115
2018-03-22,263.6700134,-0.024997151,-0.017689776,-0.00981287,0.008314617,0.081460431
2018-03-23,258.0499878,-0.021314618,-0.041199951,-0.028481874,-0.013100273,0.05725977
2018-03-26,265.1099854,0.027359031,-0.058898701,-0.044436218,-0.033629222,0.03451726
2018-03-27,260.6000061,-0.017011729,-0.019889848,-0.019563642,-0.009230889,0.064998165
2018-03-28,259.8299866,-0.002954795,-0.03819895,-0.051363204,-0.025830823,0.046250218
2018-03-29,263.1499939,0.012777614,-0.039196858,-0.065023417,-0.027546,0.039112111
2018-04-02,257.4700012,-0.02158462,-0.001972236,-0.041103375,-0.015599332,0.05112837
2018-04-03,260.769989,0.01281698,-0.002247574,-0.052199496,-0.038824781,0.02483782
2018-04-04,263.5599976,0.010699117,-0.01637055,-0.025887273,-0.022820942,0.033489146
2018-04-05,265.6400146,0.007892006,0.011358371,-0.020514305,-0.019384573,0.042315894
2018-04-06,259.7200012,-0.02228585,0.022360884,-0.024064028,-0.017857753,0.04929693
2018-04-09,261,0.00492838,-0.013034364,-0.048226339,-0.043775946,0.01986962
2018-04-10,265.1499939,0.01590036,0.01371033,-0.04318498,-0.045424668,0.026064414
2018-04-11,263.7600098,-0.005242256,0.01679643,-0.03265236,-0.032016717,0.044103158
2018-04-12,265.9299927,0.008227111,0.000758887,-0.054182901,-0.039265675,0.035896688
2018-04-13,265.1499939,-0.002933098,0.00109162,-0.045203206,-0.029877435,0.042780912
2018-04-16,267.3299866,0.008221734,0.020907102,-0.041811243,-0.039729108,0.041273934
2018-04-17,270.1900024,0.010698448,0.024252822,-0.028950242,-0.038104585,0.048558501
2018-04-18,270.3900146,0.000740265,0.019008141,-0.0174909,-0.024479181,0.058365034
2018-04-19,268.8900146,-0.005547542,0.025136505,-0.013894958,-0.032974397,0.058402213
2018-04-20,266.6099854,-0.008479412,0.011130832,-0.005915101,-0.036719924,0.051501695
2018-04-23,266.5700073,-0.000149949,0.005506285,-0.016017814,-0.049213716,0.042300295
2018-04-24,262.980011,-0.013467368,-0.002842851,-0.014273511,-0.057023577,0.036793678
2018-04-25,263.6300049,0.002471648,-0.026684894,-0.002616917,-0.071693307,0.026824513
2018-04-26,266.3099976,0.010165735,-0.025000959,0.021623784,-0.06903732,0.027556936
2018-04-27,266.5599976,0.000938756,-0.009595065,0.004526469,-0.059971729,0.043166613
2018-04-30,264.5100098,-0.007690531,-0.000187494,0.022870266,-0.069858294,0.042797914
2018-05-01,264.980011,0.001776875,-0.007727792,0.018011867,-0.070851424,0.02638632
2018-05-02,263.2000122,-0.006717483,0.007605141,0.006954274,-0.059554224,0.032054571
2018-05-03,262.6199951,-0.002203712,-0.001631046,0.022255063,-0.066335516,0.023527196
2018-05-04,266.019989,0.01294644,-0.013856042,0.007094398,-0.067334301,0.019923124
2018-05-07,266.9200134,0.003383296,-0.002025842,0.009333706,-0.034234971,0.032726398
2018-05-08,266.9200134,0,0.0091112,0.004818547,0.01132884,0.0327723
2018-05-09,269.5,0.009665767,0.007321316,0.027722209,-0.008211613,0.031176385
2018-05-10,272.019989,0.009350609,0.023936123,0.03256705,0.006836726,0.041867963
2018-05-11,272.8500061,0.003051309,0.035793139,0.025909845,0.055855234,0.049824416
2018-05-14,272.980011,0.00047647,0.025674827,0.034463133,0.043403465,0.056861726
2018-05-15,271.1000061,-0.006886969,0.022703421,0.026510805,0.028793302,0.05769311
2018-05-16,272.2399902,0.004205032,0.015660095,0.022440175,0.019172955,0.049432974
2018-05-17,272.0100098,-0.000844771,0.01016694,0.018366827,0.009829719,0.056299145
2018-05-18,271.3299866,-0.002499993,-3.67E-05,0.006736028,-0.003735813,0.060715985
2018-05-21,273.3699951,0.007518552,-0.005570898,0.003476356,-0.006517516,0.049145432
2018-05-22,272.6099854,-0.002780151,0.001428618,0.016661015,0.007258663,0.060148959
2018-05-23,273.3599854,0.002751183,0.005569824,0.022504784,0.009479717,0.05540069
2018-05-24,272.7999878,-0.002048572,0.004113999,0.02547165,0.010946714,0.051425038
2018-05-25,272.1499939,-0.002382676,0.002904224,0.037341153,-0.0069528,0.050200098
2018-05-29,269.019989,-0.011501029,0.003022177,0.032317979,-0.020690896,0.045283489
2018-05-30,272.6099854,0.01334472,-0.015912522,0.010176079,-0.019713602,0.033777726
2018-05-31,270.9400024,-0.006125905,0,0.022696533,0.003533928,0.037052499
2018-06-01,273.6000061,0.009817685,-0.008852733,0.024309071,0.012103063,0.031327362
2018-06-04,274.8999939,0.004751417,0.002932619,0.032530737,0.016798052,0.032413856
2018-06-05,275.1000061,0.000727582,0.010104722,0.044452816,0.009956249,0.03947668
2018-06-06,277.3999939,0.008360552,0.022600615,0.047521176,0.008135448,0.041493113
2018-06-07,277.3699951,-0.000108143,0.017570921,0.042778759,0.016936708,0.05399138
2018-06-08,278.1900024,0.002956366,0.023732164,0.039150237,0.011929912,0.053677273
2018-06-11,278.5599976,0.001330009,0.016776302,0.042222345,-0.002438386,0.053470651
2018-06-12,278.9200134,0.001292418,0.013313946,0.033617802,0.000143647,0.049150643
2018-06-13,278.0299988,-0.003190931,0.013885886,0.025365873,0.007950319,0.047350892
2018-06-14,278.730011,0.002517758,0.002271106,0.018984763,0.009916495,0.042169578
2018-06-15,277.1300049,-0.005740344,0.004903255,0.021063813,0.013563676,0.044911007
2018-06-18,276.5599976,-0.002056823,-0.003810337,0.02224271,0.010685604,0.043175491
2018-06-19,275.5,-0.003832794,-0.007179782,0.015868379,0.022440784,0.037709607
2018-06-20,275.9700012,0.001705994,-0.012261628,0.012830374,0.01679272,0.027218447
2018-06-21,274.2399902,-0.006268837,-0.007409264,0.017101002,0.020485925,0.032937783
2018-06-22,274.7399902,0.001823221,-0.016108853,0.003182482,0.040087899,0.02700068
2018-06-25,271,-0.013612835,-0.008624164,0.007813378,0.064677401,0.026758368
2018-06-26,271.6000061,0.002214045,-0.020104128,-0.008633251,0.022217249,0.013046204
2018-06-27,269.3500061,-0.008284241,-0.014156058,-0.00439876,0.042210283,0.016505122
2018-06-28,270.8900146,0.0057175,-0.023988097,-0.010288399,0.036639418,0.00759389
2018-06-29,271.2799988,0.00143964,-0.012215489,0.006951252,0.029412962,0.011274199
2018-07-02,271.8599854,0.002137963,-0.012593694,-0.004878716,0.053637307,0.016563043
2018-07-03,270.8999939,-0.003531198,0.003173378,0.003395523,0.042527886,0.011496806
2018-07-05,273.1099854,0.008157961,-0.002577364,-0.009868465,0.027849432,0.001589798
2018-07-06,275.4200134,0.008458234,0.013959455,-0.00651149,0.028120653,0.005522625
2018-07-09,277.8999939,0.009004358,0.01672265,0.00116324,0.060449762,0.007314753
2018-07-10,278.8999939,0.003598417,0.024402813,0.001802451,0.064750934,0.014529718
2018-07-11,276.8599854,-0.00731448,0.025895714,0.005516093,0.05185744,0.015881056
2018-07-12,279.3699951,0.00906599,0.022000707,-0.004780967,0.049666269,0.009995587
2018-07-13,279.5899963,0.000787491,0.022921204,0.002907803,0.050539626,0.011770245
2018-07-16,279.3399963,-0.000894166,0.01514045,0.002402061,0.05445975,0.006008862
2018-07-17,280.4700012,0.004045267,0.005181729,0.004711713,0.044925786,0.008556866
2018-07-18,281.0599976,0.002103599,0.005629284,0.006242565,0.038047295,0.00307577
2018-07-19,280,-0.003771428,0.015170167,0.014181044,0.039461453,0.006878207
2018-07-20,279.6799927,-0.001142883,0.002255091,0.012438539,0.041317954,-0.001462158
2018-07-23,280.2000122,0.001859338,0.000321887,0.015172387,0.049022948,-0.01064774
2018-07-24,281.6099854,0.005032024,0.003078742,0.015327793,0.051131052,-0.010907537
2018-07-25,284.0100098,0.008522512,0.004064549,0.026874254,0.070841789,-0.005544203
2018-07-26,283.3399963,-0.002359119,0.010496023,0.033741064,0.077305331,0.002506255
2018-07-27,281.4200134,-0.006776251,0.011928558,0.045535042,0.063948026,-0.01130571
2018-07-30,279.9500122,-0.005223513,0.00622147,0.036156138,0.055747359,-0.011451382
2018-07-31,281.3299866,0.00492936,-0.00089222,0.039354022,0.058372091,-0.006423898
2018-08-01,280.8599854,-0.00167064,-0.000994279,0.038539523,0.061702675,-0.00202202
2018-08-02,282.3900146,0.005447659,-0.011091244,0.035314017,0.067097159,-0.002557004
2018-08-03,283.6000061,0.004284824,-0.003352798,0.038733281,0.075279948,0.025195143
2018-08-06,284.6400146,0.003667167,0.007746402,0.046880814,0.066085324,0.07452739
2018-08-07,285.5799866,0.003302318,0.016753,0.042217531,0.066386934,0.057630177
2018-08-08,285.4599915,-0.00042018,0.015106815,0.036889016,0.069908483,0.066910645
2018-08-09,285.0700073,-0.00136616,0.016378289,0.027204022,0.059220748,0.10802308
2018-08-10,283.1600037,-0.006700121,0.009490395,0.022122673,0.047974483,0.090133871
2018-08-13,282.1000061,-0.003743458,-0.00155149,0.02275525,0.03778632,0.067159145
2018-08-14,283.8999939,0.006380673,-0.008923582,0.009772026,0.033409022,0.060526339
2018-08-15,281.7799988,-0.007467401,-0.00588274,0.015415421,0.047215004,0.053080596
2018-08-16,284.0599976,0.008091415,-0.012891448,0.008734884,0.035042642,0.03204776
2018-08-17,285.0599976,0.003520383,-0.003543024,0.01279993,0.044299795,0.040093782
2018-08-20,285.6700134,0.002139956,0.006709966,0.014231837,0.05060263,0.050331628
2018-08-21,286.3399963,0.002345304,0.012655113,0.020250048,0.044994032,0.057841238
2018-08-22,286.1700134,-0.00059364,0.008594584,0.023812943,0.050365033,0.058949715
2018-08-23,285.7900085,-0.001327899,0.015579582,0.021306213,0.046861387,0.041716801
2018-08-24,287.5100098,0.006018409,0.006090301,0.014843306,0.04761738,0.028391561
2018-08-27,289.7799988,0.007895339,0.008594725,0.012323509,0.056439523,0.047662491
2018-08-28,289.9200134,0.000483176,0.014387178,0.022728886,0.077169023,0.06674031
2018-08-29,291.480011,0.005380786,0.012502679,0.030203964,0.06349741,0.083003363
2018-08-30,290.2999878,-0.004048385,0.018555395,0.04118592,0.075810173,0.083246713
2018-08-31,290.3099976,3.45E-05,0.015780745,0.03188427,0.061037943,0.066534352
2018-09-04,289.8099976,-0.001722297,0.009738749,0.033646702,0.056056762,0.063874202
2018-09-05,289.0299988,-0.002691414,0.000103523,0.026275656,0.053471433,0.062431259
2018-09-06,288.1600037,-0.003010051,-0.003069863,0.019146659,0.041925037,0.054469144
2018-09-07,287.6000061,-0.001943356,-0.011390172,0.012366459,0.038901138,0.033313044
2018-09-10,288.1000061,0.001738526,-0.009300661,0.007073393,0.033825815,0.032600953
2018-09-11,289.0499878,0.003297403,-0.007612523,0.009248283,0.03424759,0.04112462
2018-09-12,289.1199951,0.000242198,-0.002622442,0.013961414,0.036318564,0.049945516
2018-09-13,290.8299866,0.00591447,0.000311374,0.02104814,0.039887769,0.051345437
2018-09-14,290.8800049,0.000171985,0.009265626,0.030946403,0.043411097,0.060649065
2018-09-17,289.3399963,-0.005294309,0.011404724,0.024586161,0.049615703,0.075381772
2018-09-18,290.9100037,0.005426168,0.004304027,0.026829433,0.046210583,0.06787224
2018-09-19,291.2200012,0.001065613,0.006434928,0.024114645,0.055934678,0.075731286
2018-09-20,293.5799866,0.008103789,0.007263441,0.021609499,0.055259629,0.104486617
2018-09-21,291.9899902,-0.005415888,0.009455696,0.027689197,0.07052216,0.137686497
2018-09-24,291.019989,-0.003322036,0.003815956,0.019731766,0.062786637,0.101391899
2018-09-25,290.75,-0.000927734,0.005806293,0.016947882,0.073874498,0.116730553
2018-09-26,289.8800049,-0.002992245,-0.000550011,0.01735537,0.070508076,0.119000943
2018-09-27,290.6900024,0.002794251,-0.00460132,0.008243174,0.076220525,0.101577091
2018-09-28,290.7200012,0.000103199,-0.009843941,0.003140326,0.07309235,0.129024745
2018-10-01,291.730011,0.003474167,-0.004349427,0.00275934,0.071660287,0.11485222
2018-10-02,291.5599976,-0.000582777,0.00243977,0.000857692,0.073089188,0.106882735
2018-10-03,291.7200012,0.000548785,0.00278589,0.004340371,0.076264319,0.097575597
2018-10-04,289.4400024,-0.007815709,0.006347441,0.00485689,0.068141104,0.12320961
2018-10-05,287.8200073,-0.005596998,-0.004300113,-0.001276682,0.050904031,0.108965527
2018-10-08,287.8200073,0,-0.009975213,-0.004186387,0.035696343,0.085498827
2018-10-09,287.3999939,-0.001459292,-0.013402816,-0.001179887,0.031982838,0.091219278
2018-10-10,278.2999878,-0.031663209,-0.014268088,-0.000695453,0.038069815,0.080735539
2018-10-11,272.1700134,-0.022026499,-0.046003062,-0.03401603,-0.003830072,0.049594547
2018-10-12,275.9500122,0.013888373,-0.059666905,-0.058398115,-0.0265388,0.018105065
2018-10-15,274.3999939,-0.005617026,-0.041241035,-0.045551962,-0.012135692,0.021318367
2018-10-16,280.3999939,0.02186589,-0.046626409,-0.056493462,-0.021642269,0.014830353
2018-10-17,280.4500122,0.000178382,-0.024356298,-0.03602864,-0.002348266,0.042805529
2018-10-18,276.3999939,-0.014441142,0.007725564,-0.030725044,0.001607186,0.051911135
2018-10-19,276.25,-0.00054267,0.015541684,-0.049878002,-0.011727685,0.036875816
2018-10-22,275.0100098,-0.004488652,0.001087109,-0.05140444,-0.014097116,0.050460067
2018-10-23,273.6099854,-0.005090813,0.00222309,-0.063253552,-0.023436582,0.043166577
2018-10-24,265.3200073,-0.030298522,-0.024215438,-0.06294738,-0.036618514,0.027411618
2018-10-25,270.0799866,0.017940521,-0.053949026,-0.088310022,-0.063598466,-0.004651824
2018-10-26,265.3299866,-0.017587382,-0.022865439,-0.07109205,-0.040295737,0.021057717
2018-10-29,263.8599854,-0.005540275,-0.03952946,-0.084690278,-0.052223701,0.001320762
2018-10-30,267.769989,0.014818479,-0.040544068,-0.092297695,-0.062097899,0.002507497
2018-10-31,270.6300049,0.010680868,-0.021344237,-0.078941979,-0.04660684,0.01961006
2018-11-01,273.5100098,0.010641854,0.020013559,-0.07232717,-0.041644567,0.017329584
2018-11-02,271.8900146,-0.005922983,0.012700027,-0.061908314,-0.035578266,0.02468903
2018-11-05,273.3900146,0.005516937,0.024724036,-0.067976095,-0.044793421,0.018619815
2018-11-06,275.1199951,0.006327885,0.036117751,-0.055451864,-0.042684966,0.014434192
2018-11-07,281.0100098,0.021408893,0.027448954,-0.044124842,-0.036222226,0.011396244
2018-11-08,280.5,-0.001814917,0.038354967,-0.023660612,-0.014242107,0.029906555
2018-11-09,277.7600098,-0.009768236,0.025556616,-0.02400833,-0.009393995,0.027547764
2018-11-12,272.5700073,-0.018685204,0.021589594,-0.001940273,-0.015384602,0.024566594
2018-11-13,272.0599976,-0.001871115,-0.002999405,0.001469647,-0.039908372,0.001212229
2018-11-14,270.2000122,-0.006836673,-0.011122411,-0.014096809,-0.034495001,0.000183772
2018-11-15,273.019989,0.010436627,-0.038468372,-0.015306056,-0.048792457,-0.004164576
2018-11-16,273.730011,0.002600623,-0.026666706,-0.026319561,-0.042236752,-0.001280338
2018-11-19,269.1000061,-0.016914495,-0.014508924,-0.023961494,-0.041796485,0.004108528
2018-11-20,264.1199951,-0.018506172,-0.012730679,-0.026410955,-0.060208111,-0.01558377
2018-11-21,265.019989,0.003407519,-0.029184748,-0.04390952,-0.077052162,-0.031818156
2018-11-23,263.25,-0.0066787,-0.019171069,-0.036326026,-0.072675807,-0.026198806
2018-11-26,267.5,0.016144349,-0.035784885,-0.037864062,-0.084379705,-0.02144818
2018-11-27,268.3999939,0.003364463,-0.022759693,0.008216465,-0.07688591,-0.018744674
2018-11-28,274.5799866,0.023025309,-0.002601309,-0.006220352,-0.074227437,-0.009374801
2018-11-29,273.980011,-0.002185067,0.039603179,0.034862249,-0.057980046,0.0035818
2018-11-30,275.6499939,0.006095273,0.033808853,0.038353772,-0.056217628,-0.003346609
2018-12-03,279.2999878,0.013241407,0.047103491,0.02942826,-0.050497757,0.001999229
2018-12-04,270.25,-0.032402392,0.044112104,0.032036296,-0.036265173,0.006849293
2018-12-06,269.8399963,-0.001517127,0.00689272,-0.011919161,-0.06497595,-0.025669666
2018-12-07,263.5700073,-0.023235951,-0.017262694,-0.007539881,-0.063575816,-0.030015479
2018-12-10,264.0700073,0.001897029,-0.037995486,-0.035919407,-0.083553541,-0.05381243
2018-12-11,264.1300049,0.000227203,-0.042009747,-0.040164248,-0.083408533,-0.053241092
2018-12-12,265.4599915,0.005035348,-0.054314299,-0.060069052,-0.086213402,-0.049994583
2018-12-13,265.3699951,-0.00033902,-0.017724361,-0.053618569,-0.081834546,-0.047608865
2018-12-14,260.4700012,-0.018464762,-0.016565377,-0.044606906,-0.087542525,-0.042434993
2018-12-17,255.3600006,-0.019618384,-0.011761604,-0.044392287,-0.10454484,-0.058179044
2018-12-18,255.0800018,-0.001096486,-0.032983703,-0.061383508,-0.117439677,-0.073103446
2018-12-19,251.2599945,-0.014975723,-0.034263442,-0.055958585,-0.123165245,-0.075696631
2018-12-20,247.1699982,-0.016277945,-0.053492042,-0.079701104,-0.137215873,-0.083795203
2018-12-21,240.6999969,-0.026176321,-0.068583477,-0.097029963,-0.158082943,-0.100349396
2018-12-24,234.3399963,-0.026422936,-0.075901271,-0.105537007,-0.175656683,-0.111808129
2018-12-26,246.1799927,0.050524864,-0.082315179,-0.112751777,-0.194763229,-0.137187073
2018-12-27,248.0700073,0.007677369,-0.03489105,-0.071088964,-0.153293232,-0.086021952
2018-12-28,247.75,-0.001289988,-0.012695961,-0.05766379,-0.144232085,-0.084240858
2018-12-31,249.9199982,0.008758822,0.002346571,-0.073831776,-0.147717507,-0.086736947
2019-01-02,250.1799927,0.001040311,0.038304949,-0.068852445,-0.140341232,-0.08070326
2019-01-03,244.2100067,-0.023862763,0.067594079,-0.088862973,-0.142426273,-0.076485794
2019-01-04,252.3899994,0.033495731,-0.008002218,-0.108657577,-0.16240222,-0.105818096
2019-01-07,254.3800049,0.007884645,0.017414407,-0.084382351,-0.134821067,-0.083617794
2019-01-08,256.769989,0.00939533,0.026760867,-0.089223,-0.121130449,-0.084634723
2019-01-09,257.9700012,0.004673491,0.027408734,-0.049879782,-0.107879986,-0.079347456
2019-01-10,258.8800049,0.003527556,0.031137616,-0.043989013,-0.103710671,-0.068229376
2019-01-11,258.980011,0.000386303,0.060071241,-0.017794143,-0.09923448,-0.073343561
2019-01-14,257.3999939,-0.006100923,0.026110431,-0.019275178,-0.069421407,-0.073715031
2019-01-15,260.3500061,0.011460809,0.011871959,-0.025479918,-0.054267622,-0.078542288
2019-01-16,260.980011,0.002419838,0.013942506,-0.01924955,-0.056532,-0.07173671
2019-01-17,262.9599915,0.007586713,0.011668061,-0.016542881,-0.048906644,-0.071443773
2019-01-18,266.4599915,0.01331001,0.015760146,0.009559605,-0.062196872,-0.060857173
2019-01-22,262.8599854,-0.013510494,0.028882463,0.043468009,-0.049884187,-0.047268312
2019-01-23,263.4100037,0.002092438,0.021212089,0.03050017,-0.048987007,-0.061884461
2019-01-24,263.5499878,0.000531431,0.011753399,0.048356322,-0.046479625,-0.064628325
2019-01-25,265.7799988,0.008461435,0.009847409,0.066270137,-0.04167129,-0.072039792
2019-01-28,263.7600098,-0.00760023,0.010724093,0.104196104,-0.028617328,-0.061975005
2019-01-29,263.4100037,-0.001326987,-0.010132785,0.125544141,-0.005879683,-0.06275319
2019-01-30,267.5799866,0.015830769,0.002092438,0.069989485,-0.024696324,-0.059082007
2019-01-31,269.9299927,0.008782443,0.015830769,0.07864707,0.008480006,-0.048874989
2019-02-01,270.0599976,0.000481624,0.02420795,0.089525702,0.023004653,-0.038916162
2019-02-04,271.9599915,0.007035451,0.01610354,0.080585786,0.008552148,-0.043663077
2019-02-05,273.1000061,0.004191847,0.031088798,0.087057316,0.004914409,-0.041043774
2019-02-06,272.7399902,-0.001318257,0.036786767,0.118299818,-0.001499044,-0.040542468
2019-02-07,270.1400146,-0.009532799,0.019283967,0.080629149,0.003126174,-0.044961121
2019-02-08,270.4700012,0.001221539,0.000778061,0.061954593,-0.011887779,-0.053667685
2019-02-11,270.6199951,0.000554568,0.001518195,0.053355193,-0.016901694,-0.051215511
2019-02-12,274.1000061,0.012859401,-0.004927182,0.049036686,-0.036973824,-0.044285946
2019-02-13,274.9899902,0.003246932,0.003661662,0.058791722,-0.022816378,-0.028358737
2019-02-14,274.3800049,-0.002218209,0.008249615,0.061819363,-0.009972708,-0.031384304
2019-02-15,277.3699951,0.01089726,0.015695528,0.06596741,0.006640487,-0.026261601
2019-02-19,277.8500061,0.00173058,0.025511125,0.065373492,0.019517745,-0.023551371
2019-02-20,278.4100037,0.002015467,0.02671647,0.064640947,0.028312337,-0.025292891
2019-02-21,277.4200134,-0.003555872,0.015724179,0.058754231,0.019742198,-0.025413972
2019-02-22,279.1400146,0.00619999,0.00883677,0.041131961,0.013480445,-0.031151718
2019-02-25,279.519989,0.001361232,0.017348239,0.061934224,0.037309581,-0.024565812
2019-02-26,279.3200073,-0.000715447,0.007751357,0.061159353,0.058306808,-0.021939254
2019-02-27,279.2000122,-0.000429597,0.005290629,0.05983692,0.053958263,-0.028485973
2019-02-28,278.6799927,-0.001862534,0.002837572,0.05049294,0.06058884,-0.03651041
2019-03-01,280.4200134,0.006243795,0.004541775,0.056566509,0.041794365,-0.038769385
2019-03-04,279.3999939,-0.003637471,0.004585508,0.064576172,0.044783978,-0.037944275
2019-03-05,279.019989,-0.001360075,-0.00042929,0.044173735,0.01755411,-0.037547345
2019-03-06,277.3299866,-0.006056922,-0.001074102,0.033675385,0.018395422,-0.038889493
2019-03-07,275.0100098,-0.008365402,-0.006697799,0.026919903,0.006094659,-0.043062735
2019-03-08,274.4599915,-0.001999994,-0.013169165,0.011214952,-0.01535975,-0.048507038
2019-03-11,278.4400024,0.014501243,-0.021253911,0.004979807,0.015578137,-0.047543073
2019-03-12,279.4899902,0.003770966,-0.003435904,0.02089907,0.031870761,-0.031849803
2019-03-13,281.3399963,0.006619221,0.001684472,0.034611591,0.060401345,-0.029885511
2019-03-14,281.1600037,-0.000639769,0.014459344,0.040189282,0.065399283,-0.026673557
2019-03-15,281.3099976,0.000533482,0.0223628,0.038947634,0.06447582,-0.027531792
2019-03-18,282.3299866,0.003625854,0.024958123,0.026304237,0.059707702,-0.032733863
2019-03-19,282.3999939,0.000247963,0.013970637,0.026691867,0.063910735,-0.029393627
2019-03-20,281.5499878,-0.003009937,0.010411835,0.029229495,0.084193929,-0.023985631
2019-03-21,284.730011,0.011294702,0.000746397,0.015070097,0.10256104,-0.032174954
2019-03-22,279.25,-0.019246341,0.012697422,0.024761579,0.116238078,-0.022285524
2019-03-25,279.0400085,-0.000751984,-0.007322874,0.00301712,0.111398576,-0.048811183
2019-03-26,281.1199951,0.00745408,-0.011652953,0.005839503,0.128939639,-0.044350773
2019-03-27,279.6499939,-0.005229088,-0.004532574,0.007093145,0.167926874,-0.034018261
2019-03-28,280.7099915,0.003790444,-0.006748336,0.0004651,0.193351533,-0.038177149
2019-03-29,282.480011,0.00630551,-0.014118707,0.004976314,0.140263221,-0.031633825
2019-04-01,285.8299866,0.01185916,0.011566736,0.011747846,0.138710858,-0.028243116
2019-04-02,285.9700012,0.000489853,0.024333349,0.025656646,0.153703276,-0.016820359
2019-04-03,286.4200134,0.001573634,0.017252441,0.019791696,0.144246172,-0.019744317
2019-04-04,287.1799927,0.002653373,0.024208903,0.025125339,0.144855791,-0.01762925
2019-04-05,288.5700073,0.004840221,0.023048703,0.02924523,0.175955058,-0.015562898
2019-04-08,288.7900085,0.000762384,0.021559035,0.04052941,0.14334961,-0.003005787
2019-04-09,287.3099976,-0.005124869,0.010355883,0.050107263,0.13527008,0.003370166
2019-04-10,288.2900085,0.003410988,0.004685793,0.046819232,0.118939167,-0.001771975
2019-04-11,288.2099915,-0.000277558,0.006528856,0.035375686,0.117533074,0.00309678
2019-04-12,290.1600037,0.006765942,0.003586597,0.031199691,0.113295681,0.03560907
2019-04-15,289.9700012,-0.00065482,0.005509915,0.031349994,0.120395364,0.066098355
2019-04-16,290.1600037,0.000655249,0.004085989,0.031334462,0.126534608,0.050806263
2019-04-17,289.4500122,-0.002446896,0.00991962,0.031459977,0.1144997,0.057434439
2019-04-18,290.019989,0.001969172,0.004023739,0.025218808,0.109088819,0.032275387
2019-04-22,290.269989,0.00086201,0.006280135,0.026982986,0.102905379,0.034123646
2019-04-23,292.8800049,0.008991683,0.000379051,0.030971414,0.089356745,0.050180881
2019-04-24,292.230011,-0.002219318,0.010035534,0.028623586,0.114205361,0.060199113
2019-04-25,292.0499878,-0.000616033,0.00713402,0.046481687,0.10941121,0.062615907
2019-04-26,293.4100037,0.004656791,0.008982468,0.046624064,0.108138878,0.06739521
2019-04-29,293.8699951,0.001567743,0.0116889,0.043718016,0.10395818,0.105872138
2019-04-30,294.019989,0.000510409,0.012402268,0.050849281,0.114156749,0.088085048
2019-05-01,291.8099976,-0.007516467,0.003892325,0.047415475,0.116206617,0.108129514
2019-05-02,291.1799927,-0.002158956,-0.00143727,0.033028838,0.090552404,0.105927438
2019-05-03,294.0299988,0.009787781,-0.002978925,0.018717442,0.078724116,0.087425793
2019-05-06,292.8200073,-0.004115197,0.002113067,0.028184766,0.088758059,0.086464891
2019-05-07,287.9299927,-0.016699729,-0.003572967,0.022344786,0.076702517,0.070600698
2019-05-08,287.5299988,-0.001389205,-0.020712865,0.002611603,0.054302403,0.058994362
2019-05-09,286.6600037,-0.003025754,-0.014667074,-0.003604008,0.054227503,0.051720924
2019-05-10,288.1000061,0.005023381,-0.015523007,-0.007375618,0.061153432,0.041945365
2019-05-13,280.8599854,-0.025130235,-0.020167985,0.002749673,0.065182848,0.025230405
2019-05-14,283.3999939,0.009043683,-0.040844279,-0.025772739,0.037839001,0.00128337
2019-05-15,285.0599976,0.005857458,-0.015732987,-0.016689212,0.033929178,0.020305242
2019-05-16,287.7000122,0.00926126,-0.008590412,-0.01757653,0.036619541,0.045823054
2019-05-17,285.8399963,-0.006465123,0.003628021,-0.007828358,0.048545838,0.057487373
2019-05-20,283.9500122,-0.006612035,-0.007844532,-0.014888363,0.030536833,0.057882988
2019-05-21,286.5100098,0.009015663,0.011002019,-0.019001554,0.021954313,0.040033784
2019-05-22,285.6300049,-0.003071463,0.010973945,-0.012102543,0.029093804,0.046688336
2019-05-23,282.1400146,-0.01221857,0.001999605,-0.015985063,0.029594085,0.061426973
2019-05-24,282.7799988,0.002268321,-0.019325677,-0.036670275,0.010747295,0.068226639
2019-05-28,280.1499939,-0.009300534,-0.010705281,-0.032337583,0.011662886,0.06701385
2019-05-29,278.269989,-0.006710708,-0.013382702,-0.040746428,0.002971454,0.064197508
2019-05-30,279.0299988,0.002731196,-0.028759975,-0.051600199,-0.003331028,0.040261641
2019-05-31,275.269989,-0.013475289,-0.023106837,-0.050498508,0.001255943,0.039605086
2019-06-03,274.5700073,-0.002542891,-0.024349703,-0.063771174,-0.018365395,0.002512938
2019-06-04,280.5299988,0.021706637,-0.029033141,-0.059079505,-0.017286996,0.002153428
2019-06-05,282.9599915,0.008662149,0.001356434,-0.036575294,0.005411834,0.017703628
2019-06-06,284.7999878,0.006502673,0.016854144,-0.037649245,0.020300743,0.013104203
2019-06-07,287.6499939,0.010007044,0.020678741,-0.027388906,0.035598624,0.053838993
2019-06-10,288.9700012,0.004588936,0.044974045,-0.000972454,0.048058015,0.066002067
2019-06-11,288.8999939,-0.000242265,0.052445619,0.005008182,0.037817838,0.09636906
2019-06-12,288.3900146,-0.001765245,0.029836364,0.007814101,0.033668482,0.094028045
2019-06-13,289.5799866,0.004126259,0.019190074,0.001006625,0.025058713,0.091848746
2019-06-14,289.2600098,-0.001104969,0.016783704,0.031047503,0.0299473,0.090861131
2019-06-17,289.3699951,0.00038023,0.005597135,0.020677544,0.028260681,0.090025305
2019-06-18,292.3999939,0.010471019,0.001384206,0.015119616,0.024935391,0.110953253
2019-06-19,293.0599976,0.002257195,0.012114919,0.016336397,0.035410766,0.145050099
2019-06-20,295.8599854,0.009554316,0.016193289,0.025258891,0.040880875,0.148894447
2019-06-21,294,-0.006286708,0.021686577,0.041943908,0.039089572,0.17750534
2019-06-24,293.6400146,-0.00122444,0.016386607,0.026142159,0.052820054,0.18946475
2019-06-25,290.7600098,-0.009807944,0.014756262,0.028043306,0.052322268,0.219941913
2019-06-26,290.4700012,-0.000997416,-0.005608701,0.030552189,0.034291459,0.240761348
2019-06-27,291.5,0.003545973,-0.008837768,0.027194294,0.038691248,0.17990905
2019-06-28,293,0.005145798,-0.014736651,0.040514033,0.038438277,0.175071518
2019-07-01,295.6600037,0.009078511,-0.003401361,0.052934242,0.037241534,0.182643794
2019-07-02,296.4299927,0.002604306,0.006879134,0.059599344,0.034391133,0.183018589
2019-07-03,298.7999878,0.007995126,0.01950056,0.076869999,0.036577233,0.184866901
2019-07-05,298.4599915,-0.001137873,0.028677614,0.088247004,0.043223147,0.223537036
2019-07-08,296.8200073,-0.005494821,0.023876472,0.063914707,0.039278498,0.182534935
2019-07-09,297.1900024,0.00124653,0.013037568,0.048982246,0.02858925,0.166837022
2019-07-10,298.6099854,0.004778031,0.005174859,0.043504267,0.029086858,0.157417203
2019-07-11,299.3099976,0.002344236,0.007354157,0.038101831,0.039330298,0.157537636
2019-07-12,300.6499939,0.004476951,0.00170686,0.035782248,0.038225359,0.156172713
2019-07-15,300.75,0.000332633,0.007337675,0.040671513,0.043162981,0.160900383
2019-07-16,299.7799988,-0.003225274,0.013240323,0.042858576,0.036497092,0.168414946
2019-07-17,297.7399902,-0.006805019,0.008714951,0.035223471,0.033831077,0.15144994
2019-07-18,298.8299866,0.0036609,-0.002913483,0.029316118,0.026123471,0.14085362
2019-07-19,297.1700134,-0.005554908,-0.001603725,0.032691681,0.032406198,0.136408565
2019-07-22,297.8999939,0.002456441,-0.011574856,0.016313337,0.024653557,0.115251906
2019-07-23,300.0299988,0.007150067,-0.00947633,0.016515377,0.02628589,0.133302939
2019-07-24,301.4400024,0.004699542,0.000833945,0.01409455,0.024412708,0.139022796
2019-07-25,300,-0.004777078,0.012426991,0.025306131,0.031516241,0.143767848
2019-07-26,302.0100098,0.006700033,0.003915315,0.021659124,0.027221409,0.128753109
2019-07-29,301.4599915,-0.001821192,0.016286961,0.038691703,0.029310542,0.145018193
2019-07-30,300.7200012,-0.002454688,0.011950311,0.037835199,0.025827735,0.144451567
2019-07-31,297.4299927,-0.010940438,0.002299778,0.031629507,0.022787608,0.123850872
2019-08-01,294.8399963,-0.008707919,-0.013302845,0.015119429,0.01925909,0.101878267
2019-08-02,292.6199951,-0.007529512,-0.017200012,-0.002773481,0.012569558,0.091757384
2019-08-05,283.8200073,-0.030073091,-0.031091733,-0.012852942,-0.004795442,0.07596707
2019-08-06,287.7999878,0.014022903,-0.058515175,-0.050133805,-0.030735605,0.039253024
2019-08-07,287.9700012,0.000590735,-0.042963599,-0.035716692,-0.000451516,0.055217416
2019-08-08,293.6199951,0.019620078,-0.031805775,-0.02981607,0.001530284,0.06600276
2019-08-09,291.6199951,-0.006811525,-0.004137842,-0.012012542,0.024279604,0.085591725
2019-08-12,288.0700073,-0.012173335,-0.003417401,-0.023408428,0.012217941,0.077599588
2019-08-13,292.5499878,0.015551707,0.014974279,-0.037553006,0.025671232,0.050966804
2019-08-14,283.8999939,-0.029567576,0.016504518,-0.026941647,0.0322865,0.063856861
2019-08-15,284.6499939,0.002641775,-0.014133442,-0.05602662,-0.004069332,0.034696366
2019-08-16,288.8500061,0.014755005,-0.030549695,-0.050470361,-0.010601384,0.026246526
2019-08-19,292.3299866,0.012047708,-0.009498625,-0.029858213,0.010530401,0.039589706
2019-08-20,290.0899963,-0.00766254,0.014788,-0.021751498,0.029512147,0.049998142
2019-08-21,292.4500122,0.008135461,-0.00840879,-0.023824803,0.012495154,0.04567076
2019-08-22,292.3599854,-0.000307837,0.030116303,-0.018294669,0.023877069,0.047682155
2019-08-23,284.8500061,-0.025687439,0.027085866,-0.025564155,0.036223046,0.045935879
2019-08-26,288,0.01105843,-0.013848018,-0.055035815,0.007320204,0.019798076
2019-08-27,286.8699951,-0.003923628,-0.014811982,-0.04,0.028020726,0.03151858
2019-08-28,288.8900146,0.007041585,-0.011100008,-0.050130837,0.030905259,0.029388556
2019-08-29,292.5799866,0.01277293,-0.012173012,-0.041696998,0.035336759,0.030204696
2019-08-30,292.4500122,-0.000444235,0.000752501,-0.027068418,0.062883708,0.047172487
2019-09-03,290.7399902,-0.005847228,0.02668073,-0.01674337,0.065120022,0.048132835
2019-09-04,294.0400085,0.011350411,0.009513855,-0.013905868,0.036395364,0.048353962
2019-09-05,297.8200073,0.012855389,0.024993947,0.004852756,0.03915754,0.069197477
2019-09-06,298.0499878,0.000772213,0.030911393,0.049327037,0.045716363,0.085112645
2019-09-09,298.2000122,0.000503353,0.018695746,0.035615012,0.036155029,0.070428046
2019-09-10,298.1300049,-0.000234766,0.01966148,0.035524572,0.03194107,0.066943442
2019-09-11,300.25,0.007110975,0.02541795,0.015360023,0.03194881,0.059678712
2019-09-12,301.2900085,0.003463809,0.021119546,0.029593324,0.041124813,0.067897269
2019-09-13,301.0899963,-0.000663853,0.011651337,0.045891627,0.040437953,0.071024888
2019-09-16,300.1600037,-0.003088753,0.01019966,0.029191622,0.040897415,0.066447103
2019-09-17,300.9200134,0.002532015,0.006572741,0.057273724,0.037287931,0.062889554
2019-09-18,301.1000061,0.000598141,0.009358362,0.057157983,0.029138234,0.068797821
2019-09-19,301.0799866,-6.65E-05,0.002830995,0.042409554,0.027434684,0.057493044
2019-09-20,298.2799988,-0.009299814,-0.000697076,0.029931928,0.017643485,0.078173631
2019-09-23,298.2099915,-0.000234703,-0.00933275,0.028232626,0.014557819,0.068950651
2019-09-24,295.8699951,-0.007846807,-0.006496576,0.019695603,0.015563195,0.060792532
2019-09-25,297.6199951,0.00591476,-0.016781929,0.01200578,0.017574581,0.058001078
2019-09-26,297,-0.002083177,-0.011557658,0.044830573,0.024615258,0.06024012
2019-09-27,295.3999939,-0.005387226,-0.013551172,0.03125,0.018867925,0.051401828
2019-09-30,296.769989,0.004637763,-0.009655374,0.029734719,0.008191105,0.033481467
2019-10-01,293.2399902,-0.01189473,-0.00482882,0.027276728,0.003754263,0.037766156
2019-10-02,288.0599976,-0.017664687,-0.008889056,0.002255806,-0.010761402,0.023811104
2019-10-03,290.4200134,0.008192793,-0.03212149,-0.015011162,-0.035943744,0.003064297
2019-10-04,294.3500061,0.0135321,-0.022154837,-0.00110056,-0.02693821,0.006410944
2019-10-07,293.0799866,-0.004314658,-0.003554461,0.00105427,-0.008321546,0.019252735
2019-10-08,288.5299988,-0.01552473,-0.01243388,-0.015915723,-0.01382959,0.020082799
2019-10-09,291.269989,0.009496379,-0.0160619,-0.031940914,-0.033756361,0.000832461
2019-10-10,293.2399902,0.006763488,0.011143482,-0.023239513,-0.026861811,0.01061725
2019-10-11,296.2799988,0.010366964,0.009709995,-0.016402289,-0.024646612,0.010614787
2019-10-14,295.9500122,-0.001113766,0.006556795,-0.013222319,-0.014862847,0.021760863
2019-10-15,298.8800049,0.009900296,0.009792636,-0.017723775,-0.012775991,0.019954537
2019-10-16,298.3999939,-0.001606032,0.035871508,-0.00733997,0.003828893,0.032579003
2019-10-17,299.2799988,0.002949078,0.024479023,-0.005863572,-0.001438921,0.028894577
2019-10-18,297.9700012,-0.004377164,0.020597493,-0.005450002,0.007100263,0.031040101
2019-10-21,299.9899902,0.006779169,0.005704072,-0.010395234,0.000235003,0.017379119
2019-10-22,299.0100098,-0.003266711,0.01365088,-0.003620288,-0.000133348,0.026554354
2019-10-23,299.8800049,0.002909585,0.000434974,0.002447402,-0.008061281,0.023831612
2019-10-24,300.3699951,0.001633954,0.004959822,0.005600126,-0.000399984,0.022051059
2019-10-25,301.6000061,0.004094986,0.003642062,0.015209383,-0.005430332,0.022118624
2019-10-28,303.2999878,0.005636544,0.012182451,0.013372794,0.000464455,0.025780618
2019-10-29,303.2099915,-0.000296724,0.011033693,0.02121208,0.008579365,0.039374903
2019-10-30,304.1400146,0.003067258,0.014046291,0.026438719,0.01943314,0.041314648
2019-10-31,303.3299866,-0.002663339,0.014205715,0.024834134,0.031542594,0.034384301
2019-11-01,306.1400146,0.009263931,0.009854484,0.034408664,0.03660034,0.035892285
2019-11-04,307.3699951,0.004017706,0.015053078,0.062764762,0.078641416,0.063244617
2019-11-05,307.0299988,-0.001106147,0.013419082,0.058363683,0.067998638,0.069001483
2019-11-06,307.1000061,0.000228015,0.012598554,0.043077943,0.066187441,0.071059774
2019-11-07,308.1799927,0.003516726,0.009732332,0.047836837,0.045909717,0.065949322
2019-11-08,308.9400024,0.002466123,0.015989208,0.068103816,0.056786221,0.097272694
2019-11-11,308.3500061,-0.001909744,0.009146102,0.06066541,0.07244765,0.090120004
2019-11-12,309,0.002107974,0.003188376,0.051527815,0.054007927,0.081702128
2019-11-13,309.1000061,0.000323644,0.006416315,0.042932366,0.088411436,0.074035408
2019-11-14,309.5499878,0.00145578,0.006512537,0.044433159,0.085895003,0.081374231
2019-11-15,311.7900085,0.007236378,0.004445438,0.035699889,0.071663428,0.090156628
2019-11-18,312.019989,0.000737613,0.009225112,0.044872704,0.066568682,0.08823426
2019-11-19,311.9299927,-0.000288431,0.011902004,0.042568799,0.075597204,0.092392199
2019-11-20,310.769989,-0.003718795,0.009482177,0.046850325,0.066609607,0.105585796
2019-11-21,310.269989,-0.001608907,0.005402727,0.035934528,0.062970326,0.098981506
2019-11-22,310.9599915,0.002223877,0.002325961,0.037657533,0.089239889,0.107513817
2019-11-25,313.3699951,0.007750205,-0.002662103,0.036948067,0.079722193,0.117475846
2019-11-26,314.0799866,0.002265665,0.004326665,0.043279955,0.092376339,0.123069191
2019-11-27,315.480011,0.004457541,0.006892553,0.041379245,0.087195717,0.140988844
2019-11-29,314.3099976,-0.003708677,0.015155974,0.040158337,0.078269278,0.148996622
2019-12-02,311.6400146,-0.008494744,0.013020945,0.036608312,0.074747767,0.120414925
2019-12-03,309.5499878,-0.006706542,0.002186851,0.024659695,0.07188562,0.101357167
2019-12-04,311.4599915,0.006170259,-0.012190086,0.020505725,0.052747853,0.086903094
2019-12-05,312.019989,0.001797976,-0.008341809,0.017377594,0.045799422,0.082774198
2019-12-06,314.8699951,0.00913405,-0.010967484,0.015128327,0.046871336,0.079766023
2019-12-09,313.8800049,-0.003144124,0.001781673,0.025534952,0.05590202,0.089892703
2019-12-10,313.5299988,-0.001115095,0.007187749,0.022077495,0.052829302,0.088387215
2019-12-11,314.4200134,0.002838691,0.01285741,0.017360005,0.044229804,0.082706034
2019-12-12,317.1300049,0.008619017,0.009503699,0.017738108,0.043579291,0.086980581
2019-12-13,317.3200073,0.000599131,0.016377207,0.028474132,0.053273137,0.095932578
2019-12-16,319.5,0.006870013,0.007781028,0.02692559,0.057169521,0.085225766
2019-12-17,319.5700073,0.000219115,0.017904916,0.033646049,0.061743938,0.090220442
2019-12-18,319.5899963,6.25E-05,0.019264532,0.032369633,0.06134175,0.080139333
2019-12-19,320.8999939,0.004098994,0.016442919,0.025016798,0.061478712,0.087040804
2019-12-20,320.730011,-0.000529707,0.011887835,0.028459731,0.07583477,0.092834688
2019-12-23,321.2200012,0.001527734,0.010746261,0.028211517,0.075517321,0.103074702
2019-12-24,321.230011,3.12E-05,0.005383415,0.033626195,0.085679543,0.105862911
2019-12-26,322.9400024,0.005323262,0.005194491,0.035324145,0.079329401,0.101989746
2019-12-27,322.8599854,-0.000247777,0.0104822,0.038525892,0.087340076,0.102184309
2019-12-30,321.0799866,-0.005513222,0.006107795,0.03028366,0.092958673,0.091997502
2019-12-31,321.8599854,0.002429297,0.001091184,0.022287316,0.081915283,0.083156207
2020-01-02,324.8699951,0.009351923,0.001992355,0.02022307,0.097599223,0.077175363
2020-01-03,322.4100037,-0.007572233,0.011331395,0.033597396,0.127785871,0.088487584
2020-01-06,323.6400146,0.003815052,-0.001641168,0.03455907,0.110150777,0.086213853
2020-01-07,322.730011,-0.002811777,0.002415999,0.045517776,0.099507416,0.089000343
2020-01-08,324.4500122,0.005329536,0.005138982,0.036184485,0.101167005,0.080774344
2020-01-09,326.6499939,0.006780649,0.008047061,0.039837266,0.124493167,0.083993234
2020-01-10,325.7099915,-0.002877705,0.005479111,0.037412262,0.121468075,0.086479297
2020-01-13,327.9500122,0.006877347,0.010235377,0.03768952,0.110728421,0.08299249
2020-01-14,327.4500122,-0.001524623,0.013317258,0.045992452,0.106892175,0.093968956
2020-01-15,328.1900024,0.002259857,0.014625232,0.041441378,0.106436894,0.099785124
2020-01-16,330.9200134,0.008318386,0.011527169,0.03487528,0.098066104,0.098249899
2020-01-17,331.9500122,0.003112531,0.013072156,0.042858962,0.108981301,0.113571351
2020-01-21,331.2999878,-0.0019582,0.019158211,0.038967174,0.109162034,0.114300165
2020-01-22,331.3399963,0.000120762,0.010214897,0.036705511,0.111856853,0.104222875
2020-01-23,331.7200012,0.001146873,0.011879627,0.036765857,0.104503507,0.099190531
2020-01-24,328.769989,-0.008893079,0.010755961,0.033717693,0.109394302,0.105733337
2020-01-27,323.5,-0.01602941,-0.006497112,0.025067745,0.096338481,0.088606266
2020-01-28,326.8900146,0.01047918,-0.025455677,0.007097935,0.077005045,0.073110891
2020-01-29,326.6199951,-0.000826026,-0.013311118,0.017619785,0.083852812,0.087024519
2020-01-30,327.6799927,0.003245354,-0.01424519,0.011395283,0.076887597,0.09814075
2020-01-31,321.730011,-0.018157904,-0.012178972,0.014929095,0.080703149,0.111382434
2020-02-03,324.1199951,0.00742854,-0.02141308,0.002024494,0.057835193,0.099480611
2020-02-04,329.0599976,0.015241276,0.001916523,0.007021717,0.068539246,0.141991356
2020-02-05,332.8599854,0.011548009,0.006638266,0.012897474,0.074867648,0.143363487
2020-02-06,333.980011,0.003364855,0.01910474,0.032412089,0.082929338,0.155884238
2020-02-07,332.2000122,-0.005329657,0.019226131,0.031949066,0.087776479,0.137456633
2020-02-10,334.6799927,0.007465323,0.032542818,0.029343417,0.081732353,0.139153754
2020-02-11,335.2600098,0.00173305,0.032580519,0.031530221,0.08598871,0.161800896
2020-02-12,337.4200134,0.006442772,0.018841586,0.026358537,0.085194559,0.145992219
2020-02-13,337.0599976,-0.001066967,0.013699538,0.035952296,0.094276007,0.188517156
2020-02-14,337.6000061,0.001602114,0.009222069,0.027778579,0.090809054,0.184120867
2020-02-18,336.730011,-0.002577,0.016255249,0.030997079,0.092203169,0.168772716
2020-02-19,338.3399963,0.004781235,0.006125309,0.026021538,0.087804956,0.151883236
2020-02-20,336.9500122,-0.004108247,0.009186859,0.022422285,0.085153427,0.166327694
2020-02-21,333.480011,-0.010298267,-0.001392926,0.015062509,0.079898802,0.152162757
2020-02-24,322.4200134,-0.033165399,-0.010621215,0.006580209,0.069086073,0.14064861
2020-02-25,312.6499939,-0.03030215,-0.044964432,-0.026920936,0.037487611,0.131894002
2020-02-26,311.5,-0.003678215,-0.071511348,-0.057488265,0.007670754,0.085590257
2020-02-27,297.5100098,-0.044911686,-0.079328476,-0.052529092,0.001736585,0.085857724
2020-02-28,296.2600098,-0.004201539,-0.11705001,-0.080340001,-0.050611053,0.029838328
2020-03-02,309.0899963,0.043306508,-0.111610891,-0.093701256,-0.056737066,0.012577836
2020-03-03,300.2399902,-0.028632457,-0.04134364,-0.05367093,-0.020254895,0.056898559
2020-03-04,312.8599854,0.042033025,-0.03969296,-0.083740244,-0.044764746,0.032675244
2020-03-05,302.4599915,-0.033241688,0.004365924,-0.02756978,0.003914679,0.064004817
2020-03-06,297.4599915,-0.016531112,0.016638034,-0.066827113,-0.022904205,0.015579827
2020-03-09,274.230011,-0.07809447,0.004050434,-0.096031138,-0.044949593,-0.001979521
2020-03-10,288.4200134,0.051744893,-0.112782639,-0.17614005,-0.121113965,-0.080382295
2020-03-11,274.3599854,-0.048748448,-0.039368429,-0.136415342,-0.084002865,-0.032569655
2020-03-12,248.1100006,-0.095677162,-0.123058243,-0.174112055,-0.125908051,-0.086228192
2020-03-13,269.3200073,0.085486303,-0.179693157,-0.258664975,-0.208656264,-0.176507705
2020-03-16,239.8500061,-0.109423735,-0.094600904,-0.196683173,-0.143438726,-0.105516588
2020-03-17,252.8000031,0.053992064,-0.125369228,-0.289164849,-0.243685547,-0.200926162
2020-03-18,240,-0.050632923,-0.123500481,-0.249985151,-0.20332788,-0.159909638
2020-03-19,240.5099945,0.002124977,-0.125236868,-0.289099539,-0.248826291,-0.202922633
2020-03-20,228.8000031,-0.04868817,-0.030631599,-0.285748265,-0.247394971,-0.20117575
2020-03-23,222.9499969,-0.025568208,-0.150453004,-0.323757151,-0.284082713,-0.232935483
2020-03-24,243.1499939,0.090603262,-0.070460741,-0.338329162,-0.305235272,-0.252372478
2020-03-25,246.7899933,0.014970181,-0.038172504,-0.270870859,-0.241885743,-0.178186373
2020-03-26,261.2000122,0.058389802,0.028291639,-0.234569868,-0.231710378,-0.170788262
2020-03-27,253.4199982,-0.029785657,0.086025605,-0.164560955,-0.186875437,-0.120538679
2020-03-30,261.6499939,0.032475715,0.107604872,-0.186452654,-0.215272198,-0.142112378
2020-03-31,257.75,-0.014905385,0.173581509,-0.120533813,-0.1895868,-0.118340791
